<?xml version="1.0"?>
<doc>
    <assembly>
        <name>IdentityModel.OidcClient</name>
    </assembly>
    <members>
        <member name="M:IdentityModel.OidcClient.AuthorizeClient.#ctor(IdentityModel.OidcClient.OidcClientOptions)">
            <summary>
            Initializes a new instance of the <see cref="T:IdentityModel.OidcClient.AuthorizeClient"/> class.
            </summary>
            <param name="options">The options.</param>
        </member>
        <member name="T:IdentityModel.OidcClient.AuthorizeState">
            <summary>
            Represents the state the needs to be hold between starting the authorize request and the response
            </summary>
        </member>
        <member name="P:IdentityModel.OidcClient.AuthorizeState.StartUrl">
            <summary>
            Gets or sets the start URL.
            </summary>
            <value>
            The start URL.
            </value>
        </member>
        <member name="P:IdentityModel.OidcClient.AuthorizeState.Nonce">
            <summary>
            Gets or sets the nonce.
            </summary>
            <value>
            The nonce.
            </value>
        </member>
        <member name="P:IdentityModel.OidcClient.AuthorizeState.State">
            <summary>
            Gets or sets the state.
            </summary>
            <value>
            The state.
            </value>
        </member>
        <member name="P:IdentityModel.OidcClient.AuthorizeState.CodeVerifier">
            <summary>
            Gets or sets the code verifier.
            </summary>
            <value>
            The code verifier.
            </value>
        </member>
        <member name="P:IdentityModel.OidcClient.AuthorizeState.RedirectUri">
            <summary>
            Gets or sets the redirect URI.
            </summary>
            <value>
            The redirect URI.
            </value>
        </member>
        <member name="T:IdentityModel.OidcClient.Browser.BrowserOptions">
            <summary>
            Options for the browser used for login.
            </summary>
        </member>
        <member name="P:IdentityModel.OidcClient.Browser.BrowserOptions.StartUrl">
            <summary>
            Gets the start URL.
            </summary>
            <value>
            The start URL.
            </value>
        </member>
        <member name="P:IdentityModel.OidcClient.Browser.BrowserOptions.EndUrl">
            <summary>
            Gets the end URL.
            </summary>
            <value>
            The end URL.
            </value>
        </member>
        <member name="P:IdentityModel.OidcClient.Browser.BrowserOptions.ResponseMode">
            <summary>
            Gets or sets the OpenID Connect response mode.
            </summary>
            <value>
            The response mode.
            </value>
        </member>
        <member name="P:IdentityModel.OidcClient.Browser.BrowserOptions.DisplayMode">
            <summary>
            Gets or sets the browser display mode.
            </summary>
            <value>
            The display mode.
            </value>
        </member>
        <member name="P:IdentityModel.OidcClient.Browser.BrowserOptions.Timeout">
            <summary>
            Gets or sets the browser timeout.
            </summary>
            <value>
            The timeout.
            </value>
        </member>
        <member name="M:IdentityModel.OidcClient.Browser.BrowserOptions.#ctor(System.String,System.String)">
            <summary>
            Initializes a new instance of the <see cref="T:IdentityModel.OidcClient.Browser.BrowserOptions"/> class.
            </summary>
            <param name="startUrl">The start URL.</param>
            <param name="endUrl">The end URL.</param>
        </member>
        <member name="T:IdentityModel.OidcClient.Browser.BrowserResult">
            <summary>
            The result from a browser login.
            </summary>
            <seealso cref="T:IdentityModel.OidcClient.Result" />
        </member>
        <member name="P:IdentityModel.OidcClient.Browser.BrowserResult.ResultType">
            <summary>
            Gets or sets the type of the result.
            </summary>
            <value>
            The type of the result.
            </value>
        </member>
        <member name="P:IdentityModel.OidcClient.Browser.BrowserResult.Response">
            <summary>
            Gets or sets the response.
            </summary>
            <value>
            The response.
            </value>
        </member>
        <member name="T:IdentityModel.OidcClient.Browser.BrowserResultType">
            <summary>
            Possible browser results.
            </summary>
        </member>
        <member name="F:IdentityModel.OidcClient.Browser.BrowserResultType.Success">
            <summary>
            success
            </summary>
        </member>
        <member name="F:IdentityModel.OidcClient.Browser.BrowserResultType.HttpError">
            <summary>
            HTTP error
            </summary>
        </member>
        <member name="F:IdentityModel.OidcClient.Browser.BrowserResultType.UserCancel">
            <summary>
            user cancel
            </summary>
        </member>
        <member name="F:IdentityModel.OidcClient.Browser.BrowserResultType.Timeout">
            <summary>
            timeout
            </summary>
        </member>
        <member name="F:IdentityModel.OidcClient.Browser.BrowserResultType.UnknownError">
            <summary>
            unknown error
            </summary>
        </member>
        <member name="T:IdentityModel.OidcClient.Browser.DisplayMode">
            <summary>
            Browser display mode
            </summary>
        </member>
        <member name="F:IdentityModel.OidcClient.Browser.DisplayMode.Visible">
            <summary>
            visible
            </summary>
        </member>
        <member name="F:IdentityModel.OidcClient.Browser.DisplayMode.Hidden">
            <summary>
            hidden
            </summary>
        </member>
        <member name="T:IdentityModel.OidcClient.Browser.IBrowser">
            <summary>
            Models a browser
            </summary>
        </member>
        <member name="M:IdentityModel.OidcClient.Browser.IBrowser.InvokeAsync(IdentityModel.OidcClient.Browser.BrowserOptions)">
            <summary>
            Invokes the browser.
            </summary>
            <param name="options">The options.</param>
            <returns></returns>
        </member>
        <member name="M:IdentityModel.OidcClient.IdentityTokenValidator.ValidateAsync(System.String)">
            <summary>
            Validates the specified identity token.
            </summary>
            <param name="identityToken">The identity token.</param>
            <returns>The validation result</returns>
        </member>
        <member name="T:IdentityModel.OidcClient.Infrastructure.LogSerializer">
            <summary>
            Helper to JSON serialize object data for logging.
            </summary>
        </member>
        <member name="M:IdentityModel.OidcClient.Infrastructure.LogSerializer.Serialize(System.Object)">
            <summary>
            Serializes the specified object.
            </summary>
            <param name="logObject">The object.</param>
            <returns></returns>
        </member>
        <member name="T:IdentityModel.OidcClient.LoginRequest">
            <summary>
            A login request.
            </summary>
        </member>
        <member name="P:IdentityModel.OidcClient.LoginRequest.BrowserDisplayMode">
            <summary>
            Gets or sets the browser display mode.
            </summary>
            <value>
            The browser display mode.
            </value>
        </member>
        <member name="P:IdentityModel.OidcClient.LoginRequest.BrowserTimeout">
            <summary>
            Gets or sets the browser timeout.
            </summary>
            <value>
            The browser timeout.
            </value>
        </member>
        <member name="P:IdentityModel.OidcClient.LoginRequest.FrontChannelExtraParameters">
            <summary>
            Gets or sets the front channel extra parameters.
            </summary>
            <value>
            The front channel extra parameters.
            </value>
        </member>
        <member name="P:IdentityModel.OidcClient.LoginRequest.BackChannelExtraParameters">
            <summary>
            Gets or sets the back channel extra parameters.
            </summary>
            <value>
            The back channel extra parameters.
            </value>
        </member>
        <member name="T:IdentityModel.OidcClient.LogoutRequest">
            <summary>
            A logout request
            </summary>
        </member>
        <member name="P:IdentityModel.OidcClient.LogoutRequest.BrowserDisplayMode">
            <summary>
            Gets or sets the browser display mode.
            </summary>
            <value>
            The browser display mode.
            </value>
        </member>
        <member name="P:IdentityModel.OidcClient.LogoutRequest.BrowserTimeout">
            <summary>
            Gets or sets the browser timeout.
            </summary>
            <value>
            The browser timeout.
            </value>
        </member>
        <member name="P:IdentityModel.OidcClient.LogoutRequest.IdTokenHint">
            <summary>
            Gets or sets the id_token_hint.
            </summary>
            <value>
            The identifier token hint.
            </value>
        </member>
        <member name="T:IdentityModel.OidcClient.OidcClient">
            <summary>
            OpenID Connect client
            </summary>
        </member>
        <member name="P:IdentityModel.OidcClient.OidcClient.Options">
            <summary>
            Gets the options.
            </summary>
            <value>
            The options.
            </value>
        </member>
        <member name="M:IdentityModel.OidcClient.OidcClient.#ctor(IdentityModel.OidcClient.OidcClientOptions)">
            <summary>
            Initializes a new instance of the <see cref="T:IdentityModel.OidcClient.OidcClient"/> class.
            </summary>
            <param name="options">The options.</param>
            <exception cref="T:System.ArgumentNullException">options</exception>
        </member>
        <member name="M:IdentityModel.OidcClient.OidcClient.LoginAsync(IdentityModel.OidcClient.Browser.DisplayMode,System.Int32,System.Object)">
            <summary>
            Starts a login.
            </summary>
            <param name="displayMode">The browser display mode.</param>
            <param name="timeout">The browser timeout.</param>
            <param name="extraParameters">The extra parameters.</param>
            <returns></returns>
        </member>
        <member name="M:IdentityModel.OidcClient.OidcClient.LoginAsync(IdentityModel.OidcClient.LoginRequest)">
            <summary>
            Starts a login.
            </summary>
            <param name="request">The login request.</param>
            <returns></returns>
        </member>
        <member name="M:IdentityModel.OidcClient.OidcClient.PrepareLogoutAsync(IdentityModel.OidcClient.LogoutRequest)">
            <summary>
            Creates a logout URL.
            </summary>
            <param name="request">The logout request.</param>
            <returns></returns>
        </member>
        <member name="M:IdentityModel.OidcClient.OidcClient.LogoutAsync(IdentityModel.OidcClient.LogoutRequest)">
            <summary>
            Starts a logout.
            </summary>
            <param name="request">The logout request.</param>
            <returns></returns>
        </member>
        <member name="M:IdentityModel.OidcClient.OidcClient.PrepareLoginAsync(System.Object)">
            <summary>
            Prepares the login request.
            </summary>
            <param name="extraParameters">extra parameters to send to the authorize endpoint.</param>
            <returns>State for initiating the authorize request and processing the response</returns>
        </member>
        <member name="M:IdentityModel.OidcClient.OidcClient.ProcessResponseAsync(System.String,IdentityModel.OidcClient.AuthorizeState,System.Object)">
            <summary>
            Processes the authorize response.
            </summary>
            <param name="data">The response data.</param>
            <param name="state">The state.</param>
            <param name="extraParameters">The extra parameters.</param>
            <returns>
            Result of the login response validation
            </returns>
        </member>
        <member name="M:IdentityModel.OidcClient.OidcClient.GetUserInfoAsync(System.String)">
            <summary>
            Gets the user claims from the userinfo endpoint.
            </summary>
            <param name="accessToken">The access token.</param>
            <returns>User claims</returns>
        </member>
        <member name="M:IdentityModel.OidcClient.OidcClient.RefreshTokenAsync(System.String,System.Object)">
            <summary>
            Refreshes an access token.
            </summary>
            <param name="refreshToken">The refresh token.</param>
            <param name="extraParameters">The extra parameters.</param>
            <returns>
            A token response.
            </returns>
        </member>
        <member name="T:IdentityModel.OidcClient.OidcClientOptions">
            <summary>
            Configuration options for OidcClient
            </summary>
        </member>
        <member name="P:IdentityModel.OidcClient.OidcClientOptions.Authority">
            <summary>
            Gets or sets the authority.
            </summary>
            <value>
            The authority.
            </value>
        </member>
        <member name="P:IdentityModel.OidcClient.OidcClientOptions.ProviderInformation">
            <summary>
            Gets or sets the provider information.
            </summary>
            <value>
            The provider information.
            </value>
        </member>
        <member name="P:IdentityModel.OidcClient.OidcClientOptions.ClientId">
            <summary>
            Gets or sets the client identifier (required).
            </summary>
            <value>
            The client identifier.
            </value>
        </member>
        <member name="P:IdentityModel.OidcClient.OidcClientOptions.ClientSecret">
            <summary>
            Gets or sets the client secret (if needed).
            </summary>
            <value>
            The client secret.
            </value>
        </member>
        <member name="P:IdentityModel.OidcClient.OidcClientOptions.Scope">
            <summary>
            Gets or sets the scopes (required).
            </summary>
            <value>
            The scope.
            </value>
        </member>
        <member name="P:IdentityModel.OidcClient.OidcClientOptions.RedirectUri">
            <summary>
            Gets or sets the redirect URI (required).
            </summary>
            <value>
            The redirect URI.
            </value>
        </member>
        <member name="P:IdentityModel.OidcClient.OidcClientOptions.PostLogoutRedirectUri">
            <summary>
            Gets or sets the post logout redirect URI.
            </summary>
            <value>
            The post logout redirect URI.
            </value>
        </member>
        <member name="P:IdentityModel.OidcClient.OidcClientOptions.Browser">
            <summary>
            Gets or sets the browser implementation.
            </summary>
            <value>
            The browser.
            </value>
        </member>
        <member name="P:IdentityModel.OidcClient.OidcClientOptions.BrowserTimeout">
            <summary>
            Gets or sets the timeout for browser invisible mode.
            </summary>
            <value>
            The browser invisible timeout.
            </value>
        </member>
        <member name="P:IdentityModel.OidcClient.OidcClientOptions.ClockSkew">
            <summary>
            Gets or sets the clock skew for validating identity tokens.
            </summary>
            <value>
            The clock skew.
            </value>
        </member>
        <member name="P:IdentityModel.OidcClient.OidcClientOptions.RefreshDiscoveryDocumentForLogin">
            <summary>
            Gets or sets a value indicating whether the discovery document is re-loaded for every login/prepare login request
            </summary>
            <value>
            <c>true</c> if discovery document needs to be re-loaded; otherwise, <c>false</c>.
            </value>
        </member>
        <member name="P:IdentityModel.OidcClient.OidcClientOptions.RefreshDiscoveryOnSignatureFailure">
            <summary>
            Gets or sets a value indicating whether the discovery document gets re-loaded when token validation fails due to signing key problems
            </summary>
            <value>
            <c>true</c> if discovery get re-loaded; otherwise, <c>false</c>.
            </value>
        </member>
        <member name="P:IdentityModel.OidcClient.OidcClientOptions.ResponseMode">
            <summary>
            Gets or sets a value indicating whether a response_mode of form_post will be used.
            </summary>
            <value>
              <c>true</c> for using form_post; otherwise, <c>false</c>.
            </value>
        </member>
        <member name="P:IdentityModel.OidcClient.OidcClientOptions.LoadProfile">
            <summary>
            Gets or sets a value indicating whether claims are loaded from the userinfo endpoint
            </summary>
            <value>
              <c>true</c> for loading claims from userinfo; otherwise, <c>false</c>.
            </value>
        </member>
        <member name="P:IdentityModel.OidcClient.OidcClientOptions.FilterClaims">
            <summary>
            Gets or sets a value indicating whether to filter claims.
            </summary>
            <value>
              <c>true</c> if claims are filtered; otherwise, <c>false</c>.
            </value>
        </member>
        <member name="P:IdentityModel.OidcClient.OidcClientOptions.Flow">
            <summary>
            Gets or sets the flow used for authentication (defaults to hybrid).
            </summary>
            <value>
            The flow.
            </value>
        </member>
        <member name="P:IdentityModel.OidcClient.OidcClientOptions.RefreshTokenInnerHttpHandler">
            <summary>
            Gets or sets the inner HTTP handler used with RefreshTokenHandler.
            </summary>
            <value>
            The handler.
            </value>
        </member>
        <member name="P:IdentityModel.OidcClient.OidcClientOptions.BackchannelHandler">
            <summary>
            Gets or sets the HTTP handler used for back-channel communication (token and userinfo endpoint).
            </summary>
            <value>
            The backchannel handler.
            </value>
        </member>
        <member name="P:IdentityModel.OidcClient.OidcClientOptions.BackchannelTimeout">
            <summary>
            Gets or sets the backchannel timeout.
            </summary>
            <value>
            The backchannel timeout.
            </value>
        </member>
        <member name="P:IdentityModel.OidcClient.OidcClientOptions.TokenClientAuthenticationStyle">
            <summary>
            Gets or sets the authentication style used by the token client (defaults to posting clientid/secret values).
            </summary>
            <value>
            The token client authentication style.
            </value>
        </member>
        <member name="P:IdentityModel.OidcClient.OidcClientOptions.Policy">
            <summary>
            Gets or sets the policy.
            </summary>
            <value>
            The policy.
            </value>
        </member>
        <member name="P:IdentityModel.OidcClient.OidcClientOptions.LoggerFactory">
            <summary>
            Gets the logger factory.
            </summary>
            <value>
            The logger factory.
            </value>
        </member>
        <member name="P:IdentityModel.OidcClient.OidcClientOptions.FilteredClaims">
            <summary>
            Gets or sets the claims types that should be filtered.
            </summary>
            <value>
            The filtered claims.
            </value>
        </member>
        <member name="T:IdentityModel.OidcClient.OidcClientOptions.AuthenticationFlow">
            <summary>
            The authentication flows
            </summary>
        </member>
        <member name="F:IdentityModel.OidcClient.OidcClientOptions.AuthenticationFlow.AuthorizationCode">
            <summary>
            authorization code
            </summary>
        </member>
        <member name="F:IdentityModel.OidcClient.OidcClientOptions.AuthenticationFlow.Hybrid">
            <summary>
            hybrid
            </summary>
        </member>
        <member name="T:IdentityModel.OidcClient.OidcClientOptions.AuthorizeResponseMode">
            <summary>
            The response mode
            </summary>
        </member>
        <member name="F:IdentityModel.OidcClient.OidcClientOptions.AuthorizeResponseMode.FormPost">
            <summary>
            form post
            </summary>
        </member>
        <member name="F:IdentityModel.OidcClient.OidcClientOptions.AuthorizeResponseMode.Redirect">
            <summary>
            redirect
            </summary>
        </member>
        <member name="T:IdentityModel.OidcClient.Policy">
            <summary>
            The validation policy for OidcClient
            </summary>
        </member>
        <member name="P:IdentityModel.OidcClient.Policy.Discovery">
            <summary>
            Gets or sets the policy for discovery.
            </summary>
            <value>
            The discovery.
            </value>
        </member>
        <member name="P:IdentityModel.OidcClient.Policy.RequireAuthorizationCodeHash">
            <summary>
            Gets or sets a value indicating whether a c_hash is required (defaults to true).
            </summary>
            <value>
              <c>true</c> if c_hash is required; otherwise, <c>false</c>.
            </value>
        </member>
        <member name="P:IdentityModel.OidcClient.Policy.RequireAccessTokenHash">
            <summary>
            Gets or sets a value indicating whether at_hash is required (defaults to true).
            </summary>
            <value>
            <c>true</c> if at_hash is required; otherwise, <c>false</c>.
            </value>
        </member>
        <member name="P:IdentityModel.OidcClient.Policy.RequireIdentityTokenOnRefreshTokenResponse">
            <summary>
            Gets or sets a value indicating whether an identity token is required on refresh token responses (defaults to false).
            </summary>
            <value>
            <c>true</c> if [require identity token on refresh token response]; otherwise, <c>false</c>.
            </value>
        </member>
        <member name="P:IdentityModel.OidcClient.Policy.RequireIdentityTokenSignature">
            <summary>
            Gets or sets a value indicating whether an identity token must be signed or not (unsigned identity tokens are only allowed in authorization code flow)
            </summary>
            <value>
            <c>true</c> if identity token must be signed; otherwise, <c>false</c>.
            </value>
        </member>
        <member name="P:IdentityModel.OidcClient.Policy.ValidSignatureAlgorithms">
            <summary>
            Gets or sets the supported identity token signing algorithms.
            </summary>
            <value>
            The supported algorithms.
            </value>
        </member>
        <member name="T:IdentityModel.OidcClient.ProviderInformation">
            <summary>
            Information about an OpenID Connect provider
            </summary>
        </member>
        <member name="P:IdentityModel.OidcClient.ProviderInformation.IssuerName">
            <summary>
            Gets or sets the name of the issuer.
            </summary>
            <value>
            The name of the issuer.
            </value>
        </member>
        <member name="P:IdentityModel.OidcClient.ProviderInformation.KeySet">
            <summary>
            Gets or sets the key set.
            </summary>
            <value>
            The key set.
            </value>
        </member>
        <member name="P:IdentityModel.OidcClient.ProviderInformation.TokenEndpoint">
            <summary>
            Gets or sets the token endpoint.
            </summary>
            <value>
            The token endpoint.
            </value>
        </member>
        <member name="P:IdentityModel.OidcClient.ProviderInformation.AuthorizeEndpoint">
            <summary>
            Gets or sets the authorize endpoint.
            </summary>
            <value>
            The authorize endpoint.
            </value>
        </member>
        <member name="P:IdentityModel.OidcClient.ProviderInformation.EndSessionEndpoint">
            <summary>
            Gets or sets the end session endpoint.
            </summary>
            <value>
            The end session endpoint.
            </value>
        </member>
        <member name="P:IdentityModel.OidcClient.ProviderInformation.UserInfoEndpoint">
            <summary>
            Gets or sets the user information endpoint.
            </summary>
            <value>
            The user information endpoint.
            </value>
        </member>
        <member name="P:IdentityModel.OidcClient.ProviderInformation.TokenEndPointAuthenticationMethods">
            <summary>
            Gets or sets the token end point authentication methods.
            </summary>
            <value>
            The token end point authentication methods.
            </value>
        </member>
        <member name="P:IdentityModel.OidcClient.ProviderInformation.SupportsUserInfo">
            <summary>
            Gets a value indicating whether [supports user information].
            </summary>
            <value>
              <c>true</c> if [supports user information]; otherwise, <c>false</c>.
            </value>
        </member>
        <member name="P:IdentityModel.OidcClient.ProviderInformation.SupportsEndSession">
            <summary>
            Gets a value indicating whether [supports end session].
            </summary>
            <value>
              <c>true</c> if [supports end session]; otherwise, <c>false</c>.
            </value>
        </member>
        <member name="T:IdentityModel.OidcClient.Results.RefreshTokenResult">
            <summary>
            The result of a refresh token request.
            </summary>
            <seealso cref="T:IdentityModel.OidcClient.Result" />
        </member>
        <member name="P:IdentityModel.OidcClient.Results.RefreshTokenResult.IdentityToken">
            <summary>
            Gets or sets the identity token.
            </summary>
            <value>
            The identity token.
            </value>
        </member>
        <member name="P:IdentityModel.OidcClient.Results.RefreshTokenResult.AccessToken">
            <summary>
            Gets or sets the access token.
            </summary>
            <value>
            The access token.
            </value>
        </member>
        <member name="P:IdentityModel.OidcClient.Results.RefreshTokenResult.RefreshToken">
            <summary>
            Gets or sets the refresh token.
            </summary>
            <value>
            The refresh token.
            </value>
        </member>
        <member name="P:IdentityModel.OidcClient.Results.RefreshTokenResult.ExpiresIn">
            <summary>
            Gets or sets the expires in.
            </summary>
            <value>
            The expires in.
            </value>
        </member>
        <member name="T:IdentityModel.OidcClient.Results.UserInfoResult">
            <summary>
            The result of a userinfo request.
            </summary>
            <seealso cref="T:IdentityModel.OidcClient.Result" />
        </member>
        <member name="P:IdentityModel.OidcClient.Results.UserInfoResult.Claims">
            <summary>
            Gets or sets the claims.
            </summary>
            <value>
            The claims.
            </value>
        </member>
        <member name="T:IdentityModel.OidcClient.LoginResult">
            <summary>
            The result of a login.
            </summary>
            <seealso cref="T:IdentityModel.OidcClient.Result" />
        </member>
        <member name="M:IdentityModel.OidcClient.LoginResult.#ctor">
            <summary>
            Initializes a new instance of the <see cref="T:IdentityModel.OidcClient.LoginResult"/> class.
            </summary>
        </member>
        <member name="M:IdentityModel.OidcClient.LoginResult.#ctor(System.String)">
            <summary>
            Initializes a new instance of the <see cref="T:IdentityModel.OidcClient.LoginResult"/> class.
            </summary>
            <param name="error">The error.</param>
        </member>
        <member name="P:IdentityModel.OidcClient.LoginResult.User">
            <summary>
            Gets or sets the user.
            </summary>
            <value>
            The user.
            </value>
        </member>
        <member name="P:IdentityModel.OidcClient.LoginResult.AccessToken">
            <summary>
            Gets or sets the access token.
            </summary>
            <value>
            The access token.
            </value>
        </member>
        <member name="P:IdentityModel.OidcClient.LoginResult.IdentityToken">
            <summary>
            Gets or sets the identity token.
            </summary>
            <value>
            The identity token.
            </value>
        </member>
        <member name="P:IdentityModel.OidcClient.LoginResult.RefreshToken">
            <summary>
            Gets or sets the refresh token.
            </summary>
            <value>
            The refresh token.
            </value>
        </member>
        <member name="P:IdentityModel.OidcClient.LoginResult.AccessTokenExpiration">
            <summary>
            Gets or sets the access token expiration.
            </summary>
            <value>
            The access token expiration.
            </value>
        </member>
        <member name="P:IdentityModel.OidcClient.LoginResult.AuthenticationTime">
            <summary>
            Gets or sets the authentication time.
            </summary>
            <value>
            The authentication time.
            </value>
        </member>
        <member name="P:IdentityModel.OidcClient.LoginResult.RefreshTokenHandler">
            <summary>
            Gets or sets the refresh token handler.
            </summary>
            <value>
            The refresh token handler.
            </value>
        </member>
        <member name="T:IdentityModel.OidcClient.Result">
            <summary>
            Base class for results.
            </summary>
        </member>
        <member name="P:IdentityModel.OidcClient.Result.IsError">
            <summary>
            Gets a value indicating whether this instance is error.
            </summary>
            <value>
              <c>true</c> if this instance is error; otherwise, <c>false</c>.
            </value>
        </member>
        <member name="P:IdentityModel.OidcClient.Result.Error">
            <summary>
            Gets or sets the error.
            </summary>
            <value>
            The error.
            </value>
        </member>
    </members>
</doc>
